Snapshot_Date,SKU,Current_Stock,On_Order,Lead_Time_Days,Safety_Stock,Reorder_Point,Inventory_Value,Avg_Daily_Demand,Days_of_Stock_Left,Stock_vs_Reorder,Cost_Price,Selling_Price,Risk_Level,Sales_At_Risk_INR,Capital_Locked_INR
2025-12-01,SKU001,771,147,4,159,289,2815160.01,12.333333333333334,62.51351351351351,482,1758.45,3664.05,Overstock Risk,0.0,54511.950000000004
2025-12-01,SKU002,526,29,3,94,149,2974319.6,7.633333333333334,68.90829694323143,377,3867.09,3805.69,Overstock Risk,0.0,262962.12
2025-12-01,SKU003,349,12,3,88,123,2145941.67,4.666666666666667,74.78571428571428,226,589.48,8078.23,Overstock Risk,0.0,40674.12
2025-12-01,SKU004,259,254,6,98,196,321905.92,4.533333333333333,57.13235294117647,63,1445.74,6861.57,Healthy,0.0,0.0
2025-12-01,SKU005,471,291,6,129,245,3500674.53,14.6,32.26027397260274,226,5543.63,9493.22,Healthy,0.0,0.0
2025-12-01,SKU006,359,485,13,129,340,2378877.6,5.9,60.847457627118644,19,6021.91,8106.04,Overstock Risk,0.0,30109.55
2025-12-01,SKU007,207,460,8,98,237,941442.21,21.566666666666666,9.598145285935086,-30,7748.2,5114.09,Medium Risk - Below Reorder Point,0.0,0.0
2025-12-01,SKU008,325,155,3,91,161,2165845.5,14.366666666666667,22.621809744779583,164,2775.15,9842.64,Healthy,0.0,0.0
2025-12-01,SKU009,75,89,7,63,131,224818.5,10.6,7.0754716981132075,-56,3121.06,2336.89,Medium Risk - Below Reorder Point,0.0,0.0
2025-12-01,SKU010,83,70,13,22,60,595250.27,15.933333333333334,5.209205020920502,23,3889.06,663.46,High Risk - Stockout Likely,82357.50133333335,0.0
2025-12-01,SKU011,753,269,3,179,247,2911918.77,2.6333333333333333,285.9493670886076,506,1718.4,1444.56,Overstock Risk,0.0,1022448.0
2025-12-01,SKU012,47,60,12,16,58,67949.78,23.033333333333335,2.040520984081042,-11,1256.89,8779.37,High Risk - Stockout Likely,2013987.4780000006,0.0
2025-12-01,SKU013,151,95,4,32,61,1169978.2,12.466666666666667,12.11229946524064,90,3936.71,5757.78,Healthy,0.0,0.0
2025-12-01,SKU014,309,334,10,130,299,964407.54,17.8,17.359550561797754,10,2008.55,2270.75,Healthy,0.0,0.0
2025-12-01,SKU015,187,245,9,119,265,235038.43,3.533333333333333,52.924528301886795,-78,5441.06,6212.12,Medium Risk - Below Reorder Point,0.0,0.0
2025-12-01,SKU016,255,187,11,30,129,512180.25,12.0,21.25,126,3637.93,2166.82,Healthy,0.0,0.0
2025-12-01,SKU017,95,26,12,108,274,636809.7,13.3,7.142857142857142,-179,6703.26,8477.32,High Risk - Stockout Likely,547634.8720000001,0.0
2025-12-01,SKU018,235,102,8,66,184,627647.4,22.333333333333332,10.522388059701493,51,5677.05,5575.41,Healthy,0.0,0.0
2025-12-01,SKU019,227,114,14,25,126,738421.92,14.566666666666666,15.583524027459955,101,2670.84,4819.85,Healthy,0.0,0.0
2025-12-01,SKU020,1002,353,3,129,227,5550418.68,12.433333333333334,80.58981233243968,775,6700.01,3897.54,Overstock Risk,0.0,1715202.56
2025-12-01,SKU021,88,97,9,36,88,27021.28,7.4,11.891891891891891,0,6486.92,7711.28,Healthy,0.0,0.0
2025-12-01,SKU022,95,194,8,76,163,513246.05,9.533333333333333,9.965034965034965,-68,3252.96,4597.03,Medium Risk - Below Reorder Point,0.0,0.0
2025-12-01,SKU023,130,79,12,41,148,494858.0,13.933333333333334,9.330143540669857,-18,2484.54,1416.74,High Risk - Stockout Likely,52702.727999999996,0.0
2025-12-01,SKU024,341,18,14,60,259,454699.63,11.166666666666666,30.537313432835823,82,5539.34,1768.87,Healthy,0.0,0.0
2025-12-01,SKU025,1124,61,14,121,582,4384724.0,2.2333333333333334,503.2835820895522,542,1333.08,11558.01,Overstock Risk,0.0,1319749.2
2025-12-01,SKU026,160,70,5,31,59,988598.4,20.266666666666666,7.894736842105264,101,1799.29,10939.54,Healthy,0.0,0.0
2025-12-01,SKU027,567,103,3,83,133,2599048.62,22.8,24.86842105263158,434,307.06,8516.6,Healthy,0.0,0.0
2025-12-01,SKU028,174,55,11,114,337,85058.16,4.166666666666667,41.76,-163,6348.66,3484.09,Medium Risk - Below Reorder Point,0.0,0.0
2025-12-01,SKU029,261,520,5,196,329,891602.1,14.4,18.125,-68,5402.59,11642.45,Medium Risk - Below Reorder Point,0.0,0.0
2025-12-01,SKU030,166,32,9,43,104,342462.98,4.2,39.523809523809526,62,5715.03,9433.51,Healthy,0.0,0.0
2025-12-01,SKU031,93,40,13,28,113,234857.55,15.6,5.961538461538462,-20,6300.65,8715.93,High Risk - Stockout Likely,957009.1140000001,0.0
2025-12-01,SKU032,278,214,11,60,185,1269626.0,8.466666666666667,32.83464566929134,93,3806.6,5612.59,Healthy,0.0,0.0
2025-12-01,SKU033,208,168,12,55,183,707096.0,15.333333333333334,13.565217391304348,25,4657.74,3558.0,Healthy,0.0,0.0
2025-12-01,SKU034,34,103,5,34,58,52497.36,17.766666666666666,1.9136960600375235,-24,1333.43,1518.14,High Risk - Stockout Likely,83244.67666666668,0.0
2025-12-01,SKU035,670,76,8,137,304,3918347.6,18.433333333333334,36.34719710669078,366,1137.61,10870.19,Healthy,0.0,0.0
2025-12-01,SKU036,383,135,3,77,129,574446.38,4.433333333333334,86.39097744360902,254,5430.12,5687.0,Overstock Risk,0.0,635324.04
2025-12-01,SKU037,355,687,8,315,644,2004500.4,20.7,17.14975845410628,-289,3901.0,2747.42,Medium Risk - Below Reorder Point,0.0,0.0
2025-12-01,SKU038,159,310,12,56,175,509262.69,7.3,21.78082191780822,-16,4630.58,3949.1,Medium Risk - Below Reorder Point,0.0,0.0
2025-12-01,SKU039,93,35,3,17,31,284026.65,2.533333333333333,36.71052631578947,62,6178.74,7118.95,Healthy,0.0,0.0
2025-12-01,SKU040,67,29,9,36,93,78024.85,13.033333333333333,5.140664961636829,-26,5169.07,2450.56,High Risk - Stockout Likely,123263.16799999999,0.0
2025-12-01,SKU041,440,40,4,78,139,2496001.2,9.966666666666667,44.147157190635454,301,4540.24,10336.73,Healthy,0.0,0.0
2025-12-01,SKU042,90,120,6,41,88,698500.8,21.266666666666666,4.231974921630094,2,4583.86,9198.83,High Risk - Stockout Likely,345876.008,0.0
2025-12-01,SKU043,559,211,12,142,393,2086495.45,19.333333333333332,28.913793103448278,166,2605.61,8745.77,Healthy,0.0,0.0
2025-12-01,SKU044,223,39,5,55,93,222337.69,8.166666666666666,27.306122448979593,130,488.84,5412.28,Healthy,0.0,0.0
2025-12-01,SKU045,307,142,4,88,142,558224.24,21.3,14.413145539906102,165,3634.56,7676.78,Healthy,0.0,0.0
2025-12-01,SKU046,119,182,4,46,96,563935.05,8.233333333333333,14.45344129554656,23,1913.03,7175.54,Healthy,0.0,0.0
2025-12-01,SKU047,201,129,9,44,99,1231834.53,13.733333333333333,14.635922330097088,102,3416.1,7938.22,Healthy,0.0,0.0
2025-12-01,SKU048,106,50,3,22,31,381464.32,7.466666666666667,14.196428571428571,75,6863.87,1379.55,Healthy,0.0,0.0
2025-12-01,SKU049,780,599,5,206,344,4123321.8,22.2,35.13513513513514,436,2063.03,5223.37,Healthy,0.0,0.0
2025-12-01,SKU050,328,525,14,69,316,1138983.28,5.966666666666667,54.97206703910614,12,701.85,882.72,Healthy,0.0,0.0
