Avg_Actual,Avg_Predicted,MAPE
21.666666666666668,21.882698,14.79138785218134
22.466666666666665,22.49718,16.026006422571744
20.366666666666667,20.703115,16.03959041458457
22.283333333333335,22.615728,17.236819957021414
19.666666666666668,19.57721,17.48534597504315
22.35,22.71301,17.551834888443842
12.133333333333333,12.371478,17.720534953794235
21.85,21.771793,17.875928773505134
18.033333333333335,18.407644,19.08551549620163
18.116666666666667,18.34867,19.16984385688496
21.933333333333334,21.906921,19.296282320872145
15.933333333333334,16.144863,19.519245986778472
23.083333333333332,23.206417,19.876834508551703
14.983333333333333,15.238248,20.477417525798156
14.783333333333333,14.9582405,20.783484697795057
14.7,14.847741,21.114198984221435
18.233333333333334,18.554258,21.14336308429691
13.95,14.255465,22.235989889455922
13.283333333333333,13.257625,22.25306141161176
13.55,13.81435,22.371907821197297
19.433333333333334,19.774973,23.375356667977073
16.183333333333334,15.962557,24.165178952161764
15.116666666666667,14.982778,24.77390947687274
12.516666666666667,12.4178,25.549985018898287
12.433333333333334,12.548792,26.221043734642112
13.383333333333333,13.538738,26.40877232945652
11.533333333333333,11.678595,27.580833032035624
7.466666666666667,7.255691,27.632906231913005
12.466666666666667,12.654323,27.84084661088032
8.583333333333334,8.814016,27.851932083058095
12.833333333333334,13.141013,28.68086442806065
8.383333333333333,8.6067505,31.13682294215656
9.883333333333333,10.222495,33.93771227155836
7.933333333333334,8.100076,35.4868529369018
10.0,10.544858,36.155820325658944
7.966666666666667,8.095294,36.96594028676103
6.966666666666667,7.123961,38.7347941246097
5.816666666666666,5.562543,39.40479620005097
4.2,4.2985535,40.14635384900614
7.65,7.900386,40.920004325531266
4.2,4.2091055,42.83217468407965
5.75,5.7462306,42.900163614331326
9.066666666666666,9.296083,45.09344598097597
4.333333333333333,4.447764,45.93234218783298
2.1666666666666665,2.2124457,47.61117354503967
4.616666666666666,4.730606,50.2359851730553
2.55,2.579594,52.91847286979147
5.016666666666667,5.020658,57.06025344465947
3.4,3.4125311,57.98564892097059
2.65,2.6512873,62.75073655050077
